epoch,time,train/box_loss,train/cls_loss,train/dfl_loss,metrics/precision(B),metrics/recall(B),metrics/mAP50(B),metrics/mAP50-95(B),val/box_loss,val/cls_loss,val/dfl_loss,lr/pg0,lr/pg1,lr/pg2
1,2360.71,0.95427,2.81509,1.33363,0.72518,0.1042,0.10175,0.07128,1.04138,2.61478,1.41315,0.000301727,0.000301727,0.000301727
2,5179.36,0.88356,1.7103,1.25121,0.31092,0.06294,0.06442,0.04074,1.03599,2.0702,1.44338,0.000484991,0.000484991,0.000484991
3,9426.86,0.84497,1.43619,1.21279,0.62617,0.06427,0.05884,0.04062,0.95112,2.11204,1.35143,0.000548267,0.000548267,0.000548267
4,15042,0.78759,1.27503,1.17749,0.75792,0.07038,0.07287,0.04367,0.85894,1.38565,1.21572,0.000369054,0.000369054,0.000369054
5,18558.4,0.70877,1.12975,1.12194,0.55743,0.10561,0.08995,0.06481,0.81033,1.2146,1.17844,0.000189072,0.000189072,0.000189072
